Name	Hannah	Andy
Anthony	0	0
Nicholas	0	0
Nathan	0	0
Jose	0	0
Alexander	0	0
Ryan	0	0
Tyler	0	0
Justin	0	0
Ethan	0	0
Logan	0	0
Zachary	0	0
Dylan	0	0
Juan	0	0
Brian	0	0
Kyle	0	0
Austin	0	0
Eric	0	0
Lucas	0	0
Sean	0	0
Theodore	0	0
Scott	0	0
Mark	0	0
Luis	0	0
Cameron	0	0
Evan	0	0
Jeffrey	0	0
Carlos	0	0
Caleb	0	0
Jackson	0	0
Timothy	0	0
Kenneth	0	0
Jesse	0	0
Steven	0	0
Liam	1	0
Julian	0	0
Adrian	0	0
Nathaniel	0	0
Jeremy	0	0
Leo	1	0
Patrick	0	0
Gregory	0	0
Victor	0	0
Jayden	0	0
Charlie	0	0
Travis	0	0
Cody	0	0
Gary	0	0
Alex	0	0
Hunter	0	0
Owen	0	0
Antonio	0	0
Aiden	0	0
Douglas	0	0
Connor	0	0
Blake	0	0
Bradley	0	0
Oscar	1	0
Dennis	0	
Carl	1	0
Terry	0	0
Dominic	0	0
Carter	0	0
Manuel	0	0
Wyatt	0	1
Miguel	0	0
Keith	0	0
Gavin	0	0
Derek	0	0
Jared	0	0
Sebastian	0	0
Chase	0	0
Lawrence	0	0
Roger	0	0
Vincent	0	0
Bruce	0	0
Russell	0	0
Marcus	0	0
Landon	0	0
Martin	1	0
Alan	1	0
Phillip	0	0
Dustin	0	0
Corey	0	0
Randy	0	0
Todd	0	0
Craig	0	0
Edgar	0	0
Devin	0	0
Chad	0	0
Dale	0	0
Wesley	0	0
Trevor	0	0
Mitchell	0	0
Stanley	0	0
Curtis	0	0
Xavier	0	0
Rodney	0	0
Danny	0	0
Parker	0	0
Carson	0	0
Glenn	0	0
Colton	0	0
Tony	0	0
Troy	0	0
Eli	1	0
Cole	0	0
Jorge	0	0
Ivan	1	0
Ricardo	0	0
Everett	0	0
Shane	0	0
Brett	0	0
Alejandro	0	0
Jeffery	0	0
Steve	0	0
Josiah	0	0
Brayden	0	0
Colin	1	0
Frederick	0	0
Clayton	0	0
Garrett	0	0
Jake	0	0
Ricky	0	0
Preston	0	0
Francisco	0	0
Nolan	0	0
Mike	0	0
Grant	0	0
Spencer	0	0
Randall	0	0
Aidan	0	0
Diego	0	0
Bryce	0	0
Jay	0	0
Cory	0	0
Mario	0	0
Maxwell	0	0
Barry	0	0
Tristan	0	0
Hector	0	0
Dean	0	0
Omar	0	0
Eduardo	0	0
Fernando	0	0
Cooper	0	0
Chris	0	0
Miles	0	0
Ruben	0	1
Damian	0	0
Grayson	0	1
Javier	0	0
Brady	0	0
Elias	0	0
Roberto	0	0
Brent	0	0
Jaden	0	0
Darrell	0	0
Jaxon	0	0
Tanner	0	0
Andres	0	0
Jim	0	0
Jerome	0	0
Harrison	0	0
Brendan	0	0
Pedro	0	0
Dallas	0	0
Felix	1	1
Andre	0	0
Angelo	0	0
Tom	0	0
Gordon	0	0
Rafael	0	0
Ayden	0	0
Kaleb	0	0
Emmanuel	0	0
Raul	0	0
Dalton	0	0
Lorenzo	0	0
Clinton	0	0
Drew	1	0
Jace	0	0
Lincoln	0	1
Giovanni	0	0
Jeff	0	0
Cesar	0	0
Bryson	0	0
Marco	0	0
Lance	0	0
Brody	0	0
Hudson	0	1
Santiago	0	0
Collin	1	0
Duane	0	0
Reginald	0	0
Sergio	0	0
Armando	0	0
Darren	0	0
Ross	0	0
Ramon	0	0
Cristian	0	0
Asher	0	0
Dan	0	0
Israel	0	0
Emmett	0	0
Kayden	0	0
Caden	0	0
Mateo	0	0
Kaden	0	0
Sawyer	0	0
Trenton	0	0
Kurt	0	0
Gage	0	0
Easton	0	0
Elliott	0	0
Guy	0	0
Tyrone	0	0
August	0	1
Donovan	0	0
Enrique	0	0
Malcolm	0	0
Leland	0	0
Arturo	1	1
Byron	0	0
Tim	0	0
Brad	0	0
Zane	0	0
Alberto	0	0
Braxton	0	0
Julio	0	0
Colby	0	0
Silas	0	0
Clifton	0	0
Weston	0	1
Rick	0	0
Kai	1	0
Camden	0	0
Josue	0	0
Wade	0	0
Greg	0	0
Perry	0	0
Bentley	0	0
Ryder	0	0
Gerardo	0	0
Jaxson	0	0
Damon	0	0
Alfredo	0	0
Nelson	0	0
Clark	0	0
Grady	0	0
Trent	0	0
Alec	0	1
Ted	1	0
Dwight	0	0
Marcos	0	0
Jasper	0	0
Graham	0	0
Bennett	0	0
Darius	0	0
Kent	0	0
Kirk	0	0
Stuart	0	0
Alonzo	0	0
Ty	0	0
Axel	0	0
Terrence	0	0
Forrest	0	0
Chance	0	0
Pablo	0	0
Tucker	0	0
Braden	0	0
Emilio	0	0
Bryant	0	0
Tyson	0	0
Griffin	0	1
Lane	0	1
Dave	0	0
Salvador	0	0
Donnie	0	0
Ernesto	0	0
Rickey	0	0
Dante	0	0
Beau	0	0
Orlando	0	0
Joey	0	0
Kaiden	0	0
Malik	0	0
Brock	0	0
Fabian	0	0
Chandler	0	0
Jameson	0	0
Gerard	0	0
Kameron	0	0
Declan	0	1
Jaylen	0	0
Quentin	0	0
Keegan	0	0
Greyson	0	1
Rex	0	0
Corbin	0	0
Zion	0	0
Sterling	0	0
Roderick	0	0
Maddox	0	0
Jalen	0	0
Dawson	0	0
Kenny	0	0
Ismael	0	0
Nickolas	0	0
Kelvin	0	0
Alfonso	0	0
Trey	0	0
Cayden	0	0
Gustavo	0	0
Reid	0	0
Nick	0	0
Lukas	0	0
Amir	0	0
Rudy	0	0
Dexter	0	0
Cedric	0	0
Drake	0	0
Carlton	0	0
Brennan	0	0
Randolph	0	0
Sheldon	0	0
Toby	0	0
Jermaine	0	0
Garry	0	0
Terrell	0	0
Kyler	0	0
Lionel	0	1
Royce	0	0
Luca	0	0
Jayce	0	0
Hugo	1	1
Jayson	0	0
Blaine	0	0
Desmond	0	0
Brooks	0	0
Esteban	0	0
Lamar	0	0
Kendrick	0	0
Davis	0	0
Winston	0	1
Zackary	0	0
Kingston	0	0
Cornelius	0	0
Jakob	0	0
Xander	0	0
Anderson	0	0
Jamal	0	0
Joaquin	0	0
Cruz	0	0
Guillermo	0	0
King	0	1
Rocco	0	0
Maverick	0	1
Rodolfo	0	0
Dane	0	0
Tomas	0	0
Felipe	0	0
Walker	0	0
Clay	0	0
Quinton	0	0
Maximus	0	1
Sherman	0	0
Clint	0	0
Adan	0	0
Moises	0	0
Ron	0	0
Marty	1	1
Cade	0	0
Darnell	0	0
Emiliano	0	0
Deandre	0	0
Brantley	0	0
Thaddeus	0	0
Gilberto	0	0
Holden	0	0
Waylon	0	1
Zachariah	0	0
Jonas	0	0
Darin	0	0
Rogelio	0	0
Stephan	0	0
Ken	0	0
Rodrigo	0	0
Mickey	0	0
Ramiro	0	0
Dorian	0	0
Marlon	1	1
Quincy	0	0
Antoine	0	0
Teddy	0	0
Finn	1	1
Isiah	0	0
Jefferson	0	0
Rhett	0	1
Tristen	0	0
Barrett	0	0
Issac	0	0
Zander	0	0
Heath	0	0
Paxton	0	0
Leonel	0	0
Tobias	0	0
Bradford	0	0
Noe	0	1
Mauricio	0	0
Rolando	0	0
Conor	0	0
Jase	0	0
Marquis	0	0
Jarrett	0	0
Keaton	0	0
Kody	0	0
Monroe	0	0
Jarrod	0	0
Nikolas	0	0
Romeo	0	0
Jamison	0	0
Van	0	1
Vance	0	0
Cash	0	0
Zayden	0	0
Santos	0	0
Dewayne	0	0
Tate	0	0
Vicente	0	0
Asa	0	1
Ed	0	0
Rocky	0	0
Nathanael	0	0
Caiden	0	0
Ari	0	0
Timmy	0	0
Duncan	0	0
Sonny	0	0
Lamont	0	0
Prince	0	1
Colt	0	0
Gunner	0	0
Reynaldo	0	0
Ignacio	0	0
Denver	0	0
Darwin	0	1
Royal	0	0
Abram	0	0
Porter	0	0
Major	0	0
Matt	0	0
Doug	0	0
Orion	1	1
Nehemiah	0	0
Marcel	0	0
Pierce	0	0
Theo	0	0
Monte	1	0
Ahmad	0	0
Khalil	0	0
Bruno	0	0
Uriel	0	1
Jax	0	0
Kellen	0	0
Alden	0	0
Javon	0	0
Efrain	1	0
Houston	0	0
Kurtis	0	0
Pierre	0	0
Keenan	0	0
Beckett	0	0
Kobe	0	0
Aldo	0	1
Braylon	0	0
Mohamed	0	0
Damion	0	0
Jarvis	0	0
Maximiliano	0	0
Maximilian	0	0
Phil	0	0
Scotty	0	0
Coleman	0	0
Jett	0	1
Vaughn	0	0
Dion	0	0
Gideon	0	0
Deshawn	0	0
Humberto	0	0
Adolfo	0	0
Deon	0	0
Fletcher	0	0
Dayton	0	0
Adriel	0	0
Cullen	0	0
Ezequiel	0	0
Messiah	0	0
Ahmed	0	0
Rusty	0	0
Alvaro	0	0
Kieran	0	0
Josh	0	0
Chuck	0	0
Cohen	0	0
Donte	0	0
Tyrell	0	0
Colten	0	0
Rashad	0	0
Brayan	0	0
Agustin	0	1
Moshe	0	0
Camron	0	0
Jamar	0	0
Muhammad	0	0
Tyree	0	0
Isaias	0	0
Al	0	0
Kane	0	0
Quintin	0	0
Ernie	0	0
Kareem	0	0
Elvis	0	0
Lawson	0	0
Mohammed	0	0
Iker	0	0
Osvaldo	0	0
Braydon	0	0
Bart	0	0
Hal	0	1
Braeden	0	0
Trevon	0	0
Galen	0	0
Brenton	0	0
Nash	0	0
Benito	0	0
Gianni	0	0
Nasir	0	0
Donnell	0	0
Ibrahim	0	0
Enzo	0	0
Knox	0	1
Archer	0	1
Garret	0	0
Carlo	0	0
Nico	0	0
Hank	0	0
Joesph	0	0
Hans	0	0
Jamari	0	0
Judson	0	0
Alphonso	0	0
Monty	1	0
Matias	0	0
Davon	0	0
Ronan	0	0
Foster	0	0
Luciano	0	0
Jarred	0	0
Ward	1	0
Demarcus	0	0
Davion	0	0
Johan	0	0
Trace	0	1
Ace	0	0
Brycen	0	0
Raleigh	0	0
Izaiah	0	0
Chadwick	0	0
Kolby	0	0
Gino	0	0
Lucian	0	0
Deven	0	0
Enoch	0	0
Jarod	0	0
Darien	0	0
Nigel	0	0
Talon	0	0
Alijah	0	0
Cristopher	0	0
Kenton	0	0
Ryland	0	0
Triston	0	0
Mikel	0	0
Landyn	0	0
Carmelo	0	0
Antwan	0	0
Reggie	0	0
Killian	0	0
Mekhi	0	0
Deangelo	0	0
Theron	0	0
Jaron	0	0
Tevin	0	0
Fidel	0	0
Davin	0	0
Devonte	0	0
Kason	0	0
Sullivan	0	0
Domenic	0	0
Octavio	0	0
Jamel	0	0
Shelton	0	0
Yahir	0	0
Edison	0	0
Arlo	0	1
Rigoberto	0	0
Jules	0	0
Atticus	0	0
Braylen	0	0
Ulises	0	0
Benson	0	0
Cordell	0	0
Nathanial	0	0
Adonis	0	1
Denzel	0	0
Hassan	0	0
Alonso	0	0
Omari	0	0
Marquise	0	0
Gregorio	0	0
Vince	0	0
Antony	0	0
Brodie	0	0
Mathias	0	0
Jacoby	0	0
Gonzalo	0	0
Jaquan	0	0
Jairo	0	0
Jadon	0	0
Bernardo	0	0
Cornell	0	0
Adrien	0	0
Dario	0	0
Eliseo	0	0
Cortez	0	0
Benton	0	0
Kamden	0	0
Jayceon	0	0
Marcelo	0	0
Jaylon	0	0
Chaim	0	0
Jovan	0	0
Heriberto	0	0
Hayes	0	1
Valentin	0	0
Lucius	0	0
Bronson	0	0
Nestor	0	0
Thiago	0	0
Bernie	0	0
Benedict	0	0
Chauncey	0	0
Dirk	0	0
Chaz	0	0
Cason	0	0
Turner	0	0
Jacques	0	0
Kennith	0	0
German	0	0
Duke	0	0
Kian	0	0
Dominik	0	0
Coby	0	0
Mariano	0	0
Bradly	0	0
Lucien	0	0
Arjun	0	0
Raymundo	0	0
Kristofer	0	0
Alessandro	0	0
Jaydon	0	0
Randell	0	0
Miller	0	0
Santino	0	0
Keven	0	0
Boston	0	0
Jerrod	0	0
Dashawn	0	0
Wilfredo	0	0
Leif	1	1
Finnegan	0	0
Legend	0	1
Broderick	0	0
Tyrese	0	0
Vincenzo	0	0
Murphy	0	0
Estevan	0	0
Samir	0	0
Rico	0	0
Brant	0	0
Jabari	0	0
Danial	0	0
Sincere	0	0
Misael	0	0
Kylan	0	0
Austen	0	0
Keon	0	0
Lyndon	0	0
Malakai	0	0
Beckham	0	0
Abner	1	1
Stephon	0	0
Valentino	0	0
Zack	0	0
Cannon	0	0
Garth	0	0
Dax	0	1
Daxton	0	0
Cale	0	0
Barton	0	0
Blaise	0	0
Lanny	0	0
Tylor	0	0
Zayne	0	0
Marcellus	0	0
Yosef	0	0
Dimitri	0	0
Donavan	0	0
Kenyon	0	0
Cliff	0	0
Westley	0	0
Deacon	0	0
Korbin	0	0
Zaiden	0	0
Soren	0	1
Jamaal	0	0
Arron	0	0
Efren	0	0
Dino	0	0
Eloy	0	1
Federico	0	0
Yusuf	0	0
Jed	0	0
Tristian	0	0
Devante	0	0
Rob	0	0
Giancarlo	0	0
Nikolai	0	0
Dangelo	0	0
Raiden	0	1
Rod	0	0
Isidro	0	0
Kasen	0	0
Deonte	0	0
Andreas	0	0
Garrison	0	0
Leandro	0	0
Francesco	0	0
Hamza	0	0
Daquan	0	0
Jedidiah	0	0
Abdullah	0	0
Marques	0	0
Odin	1	0
Memphis	0	0
Kayson	0	0
Xzavier	0	0
Thad	0	0
Quinten	0	0
Darrick	0	0
Franco	0	0
Braiden	0	0
Aurelio	0	0
Case	0	1
Dandre	0	0
Raheem	0	0
Darion	0	0
Genaro	0	0
Bowen	0	0
Darrius	0	0
Ford	0	1
Anson	0	1
Kip	1	0
Tyron	0	0
Cristobal	0	0
Zaire	0	0
Jamil	0	0
Ephraim	0	0
Jaxton	0	0
Lenny	0	1
Branson	0	0
Marcelino	0	0
Seamus	0	0
Eliezer	0	0
Jamarion	0	0
Aric	0	0
Kamron	0	0
Draven	0	0
Jerrell	0	0
Daron	0	0
Camren	0	0
Khalid	0	0
Giovani	0	0
Johnson	0	0
Aryan	0	0
Rayan	0	0
Stanford	0	0
Rashawn	0	0
Alexandro	0	0
Dwain	0	0
Maximo	0	0
Bodhi	0	0
Alexzander	0	0
Lars	0	0
Dereck	0	0
Kyree	0	0
Elian	0	0
Lazaro	0	0
Jovani	0	0
Princeton	0	0
Baron	0	0
Hamilton	0	0
Angus	0	0
Richie	0	0
Jagger	0	0
Reyes	0	0
Travon	0	0
Giovanny	0	0
Nevin	0	0
Jasiah	0	0
Madden	0	0
Kelton	0	0
Atlas	0	0
Tad	0	0
Hendrix	0	0
Isai	0	0
Cassius	1	0
Edwardo	0	0
Kalvin	0	0
Constantine	0	0
Jamir	0	0
Trever	0	0
Rogers	0	0
Ike	1	0
Coty	0	0
Maxim	0	0
Nathen	0	0
Shamar	0	0
Leonidas	0	0
Arnulfo	0	0
Javion	0	0
Destin	0	0
Antwon	0	0
Keshawn	0	0
Tariq	0	0
Mauro	0	0
Gannon	0	0
Camilo	0	0
Jaeden	0	0
Bishop	0	0
Yehuda	0	0
Makai	0	0
Jair	0	0
Demario	0	0
Menachem	0	0
Callen	0	0
Ronin	0	0
Akeem	0	0
Stanton	0	0
Aydan	0	0
Zeke	1	0
Amare	0	0
Shaquille	0	0
Mustafa	0	0
Cedrick	0	0
Ean	0	0
Jerod	0	0
Edgardo	0	0
Oswaldo	0	0
Deshaun	0	0
Derrell	0	0
Brandan	0	0
Fritz	0	1
Langston	0	0
Levon	0	0
Vladimir	0	0
Davian	0	0
Darron	0	0
Kingsley	0	0
Keyon	0	0
Abdul	0	0
Dontae	0	0
Berry	0	0
Aarav	0	0
Lucio	0	0
Jordy	0	0
Jovanni	0	0
Kraig	0	0
Leopoldo	0	0
Maximillian	0	0
Marcello	0	0
Zavier	0	0
Artis	0	0
Kyson	0	0
Russ	0	0
Johnpaul	0	0
Art	1	0
Ronaldo	0	0
Nixon	0	0
Zakary	0	0
Demond	0	0
Samual	0	0
Deion	0	0
Jamarcus	0	0
Tobin	0	0
Keanu	0	0
Stetson	0	0
Chet	0	0
Taj	0	0
Giuseppe	0	0
Aydin	0	0
Demarco	0	0
Alfonzo	0	0
Yisroel	0	0
Marquez	0	0
Mordechai	0	0
Williams	0	0
Donavon	0	0
Deron	0	0
Konnor	0	0
Garrick	0	0
Jaylan	0	0
Dejuan	0	0
Stone	0	0
Claudio	0	0
Rosendo	0	0
Kevon	0	0
Gavyn	0	0
Ayaan	0	0
Yousef	0	0
Tyshawn	0	0
Eleazar	0	0
Syed	0	0
Jaren	0	0
Kadin	0	0
Immanuel	0	0
Nikhil	0	0
Shon	0	0
Mitch	0	0
Arvin	0	0
Johann	0	0
Laron	0	0
Mikael	0	0
Callum	0	0
Brandyn	0	0
Ameer	0	0
Trystan	0	0
Merrick	0	0
Casper	0	0
Dallin	0	0
Wes	1	1
Hakeem	0	0
Jerimiah	0	0
Aaden	0	0
Smith	0	0
Alexandre	0	0
Sylas	0	0
Aditya	0	0
Delvin	0	0
Kolten	0	0
Westin	0	0
Fisher	0	1
Donell	0	0
Zaid	0	0
Bridger	0	0
Crosby	0	0
Jevon	0	0
Denton	0	0
Slade	0	0
Gibson	0	0
Montgomery	0	0
Glynn	0	0
Darell	0	0
Abdiel	0	0
Tripp	0	0
Grey	1	1
Bradyn	0	0
Linus	0	1
Brogan	0	0
Brannon	0	0
Yaakov	0	0
Flynn	1	1
Judd	0	0
Greggory	0	0
Braulio	0	0
Hernan	0	0
Jaxen	0	0
Kaeden	0	0
Jericho	0	0
Raylan	0	0
Dariel	0	0
Jeramiah	0	0
Rasheed	0	0
Carnell	0	0
Norberto	0	0
Damari	0	0
Fermin	0	1
Hayward	0	0
Wally	0	0
Rayden	0	0
	0	0
	0	0
	0	0
	0	0
	0	0
	0	0
	0	0
	0	0
	0	0
	0	0
	0	0
	0	0
	0	0
	0	0
	0	0
	0	0
	0	0